PLAYER,TEAM,GP,MPG,FG%,FT%,3PM,PTS,TREB,AST,STL,BLK,TO,TOTAL
James Harden,HOU,68,36.5,0.444(9.9/22.3),0.865(10.2/11.8),4.4,34.3,6.5,7.5,1.8,0.9,4.5,16.87
Anthony Davis,LAL,62,34.4,0.503(8.9/17.7),0.846(7.2/8.5),1.2,26.1,9.3,3.2,1.5,2.3,2.5,13.97
Damian Lillard,POR,66,37.5,0.463(9.5/20.4),0.888(7.0/7.9),4.1,30,4.3,8,1.1,0.3,2.9,12.54
Karl-Anthony Towns ,MIN,35,33.9,0.508(9.0/17.8),0.796(5.1/6.5),3.3,26.5,10.8,4.4,0.9,1.2,3.1,11.79
Kawhi Leonard,LAC,57,32.4,0.470(9.3/19.9),0.886(6.3/7.1),2.2,27.1,7.1,4.9,1.8,0.6,2.6,11.69
Kyrie Irving ,BRO,20,32.9,0.478(10.0/20.8),0.922(4.7/5.1),2.8,27.4,5.2,6.4,1.4,0.5,2.6,11.51
Jusuf Nurkic,POR,8,31.6,0.495(6.8/13.6),0.886(3.9/4.4),0.3,17.6,10.3,4,1.4,2,2.4,10.46
Trae Young,ATL,60,35.3,0.437(9.1/20.8),0.860(8.0/9.3),3.4,29.6,4.2,9.3,1.1,0.1,4.8,9.93
John Collins,ATL,41,33.2,0.583(8.6/14.8),0.800(2.9/3.7),1.4,21.6,10.1,1.5,0.8,1.6,1.8,9.77
Bradley Beal ,WAS,57,36,0.455(10.4/22.9),0.843(6.8/8.0),3,30.6,4.2,6.1,1.3,0.4,3.4,9.11
Nikola Jokic,DEN,73,32,0.528(7.7/14.7),0.817(3.4/4.1),1.1,19.9,9.7,7,1.2,0.6,3.1,9
Devin Booker,PHX,70,35.9,0.489(9.0/18.3),0.919(6.7/7.3),2,26.6,4.2,6.5,0.7,0.3,3.8,8.96
Hassan Whiteside,POR,67,30,0.621(6.5/10.5),0.686(2.5/3.6),0.1,15.5,13.5,1.2,0.4,2.9,1.8,8.57
LeBron James,LAL,67,34.6,0.493(9.6/19.5),0.693(3.9/5.7),2.2,25.3,7.8,10.2,1.2,0.5,3.9,8.49
Luka Doncic,DAL,61,33.6,0.463(9.5/20.6),0.758(7.0/9.2),2.8,28.8,9.4,8.8,1,0.2,4.3,8.34
Joel Embiid,PHI,51,29.5,0.476(7.5/15.7),0.807(6.9/8.6),1.1,23,11.6,3,0.9,1.3,3.1,7.88
Stephen Curry,GSW,5,27.9,0.402(6.6/16.4),1.000(5.2/5.2),2.4,20.8,5.2,6.6,1,0.4,3.2,7.69
Jimmy Butler ,MIA,58,33.8,0.455(6.0/13.1),0.834(7.6/9.1),0.5,19.9,6.6,6,1.8,0.6,2.2,7.64
Chris Paul,OKL,70,31.5,0.489(6.2/12.7),0.907(3.6/4.0),1.6,17.6,5,6.7,1.6,0.2,2.3,7.56
Kyle Lowry,TOR,58,36.2,0.416(5.8/13.8),0.857(5.1/5.9),2.8,19.4,5,7.5,1.4,0.4,3.1,7.44
Jayson Tatum,BOS,66,34.3,0.450(8.4/18.6),0.812(3.9/4.7),2.9,23.4,7,3,1.4,0.9,2.3,7.4
Giannis Antetokounmpo,MIL,63,30.4,0.553(10.9/19.7),0.633(6.3/10.0),1.4,29.5,13.6,5.6,1,1,3.7,7.34
Paul George,LAC,48,29.6,0.439(7.2/16.3),0.876(4.0/4.5),3.3,21.5,5.7,3.9,1.4,0.4,2.6,7.08
Russell Westbrook ,HOU,57,36,0.472(10.6/22.5),0.763(5.1/6.7),1,27.2,7.9,7,1.6,0.4,4.5,6.96
Kristaps Porzingis,DAL,57,31.8,0.427(7.0/16.4),0.799(4.0/5.0),2.5,20.4,9.5,1.8,0.7,2,1.6,6.92
Brandon Ingram,NOP,62,33.9,0.463(8.2/17.7),0.851(5.1/5.9),2.4,23.8,6.1,4.2,1,0.6,3,6.84
Zach LaVine,CHI,60,34.8,0.449(9.0/20.0),0.802(4.5/5.6),3.1,25.5,4.8,4.2,1.5,0.5,3.4,6.58
Andre Drummond,CLE,57,33,0.533(7.3/13.8),0.575(3.0/5.2),0.1,17.7,15.2,2.7,1.9,1.6,3.6,6.54
Khris Middleton,MIL,62,29.9,0.497(7.6/15.3),0.916(3.4/3.7),2.4,20.9,6.2,4.3,0.9,0.1,2.2,6.51
Jonathan Isaac ,ORL,34,28.8,0.470(4.6/9.8),0.779(1.8/2.3),0.9,11.9,6.8,1.4,1.6,2.3,1.4,6.34
Nikola Vucevic,ORL,62,32.2,0.477(8.0/16.7),0.784(2.1/2.7),1.6,19.6,10.8,3.6,0.9,0.8,1.4,6.27
Deandre Ayton,PHX,38,32.5,0.546(8.2/15.0),0.753(1.8/2.3),0.1,18.2,11.5,1.9,0.7,1.5,2.1,6.2
Fred VanVleet,TOR,54,35.7,0.413(5.9/14.3),0.848(3.1/3.7),2.7,17.6,3.8,6.6,1.8,0.3,2.2,6.04
Ben Simmons ,PHI,57,35.4,0.579(6.6/11.4),0.621(3.3/5.2),0,16.4,7.8,8,2.1,0.6,3.5,6.02
LaMarcus Aldridge ,SAS,53,33.1,0.492(7.4/15.0),0.827(3.0/3.6),1.2,18.9,7.4,2.4,0.7,1.6,1.4,6.02
DeMar DeRozan,SAS,68,34.1,0.531(8.2/15.4),0.844(5.6/6.6),0.1,22.1,5.5,5.6,1,0.3,2.4,6.02
Clint Capela ,ATL,39,32.8,0.629(6.3/10.0),0.529(1.4/2.7),0,13.9,13.8,1.2,0.9,1.8,1.6,5.73
Jrue Holiday,NOP,61,34.7,0.455(7.5/16.5),0.709(2.1/3.0),2,19.1,4.8,6.7,1.6,0.8,3.1,5.66
Pascal Siakam,TOR,60,35.2,0.453(8.3/18.4),0.792(4.0/5.1),2.2,22.9,7.3,3.5,1,0.9,2.5,5.59
Rudy Gobert,UTA,68,34.3,0.693(5.7/8.2),0.630(3.7/5.9),0,15.1,13.5,1.5,0.7,2,1.9,5.52
Bam Adebayo,MIA,72,33.6,0.556(6.1/11.0),0.691(3.7/5.3),0,15.9,10.2,5.1,1.1,1.3,2.8,5.4
Kemba Walker ,BOS,56,31.1,0.425(6.8/15.9),0.864(3.7/4.3),3.2,20.4,3.9,4.8,0.9,0.5,2.1,4.98
D'Angelo Russell,MIN,45,32.3,0.426(8.0/18.8),0.809(3.6/4.4),3.5,23.1,3.9,6.3,1,0.3,3.3,4.96
Domantas Sabonis ,IND,62,34.8,0.541(7.4/13.7),0.723(3.5/4.8),0.3,18.5,12.4,5,0.7,0.5,2.8,4.89
Donovan Mitchell,UTA,69,34.3,0.449(8.7/19.5),0.863(4.0/4.7),2.5,24,4.4,4.3,1,0.2,2.7,4.79
Robert Covington,HOU,70,30.5,0.422(4.4/10.3),0.798(1.4/1.8),2.3,12.4,6.6,1.3,1.6,1.3,1.5,4.61
Kevin Love,CLE,56,31.8,0.450(5.8/13.0),0.854(3.3/3.9),2.6,17.6,9.8,3.2,0.6,0.3,2.5,4.52
T.J. Warren,IND,67,32.9,0.536(8.0/14.9),0.819(2.5/3.0),1.4,19.8,4.2,1.5,1.2,0.5,1.3,4.32
Richaun Holmes,SAC,44,28.2,0.646(5.1/7.8),0.788(2.1/2.7),0,12.3,8.1,1,0.9,1.3,1.2,4.27
Ricky Rubio,PHX,65,31,0.415(4.4/10.7),0.863(3.0/3.5),1.2,13,4.7,8.8,1.4,0.2,2.7,4.26
Gordon Hayward,BOS,52,33.5,0.500(6.7/13.5),0.855(2.4/2.8),1.6,17.5,6.7,4.1,0.7,0.4,1.8,4.25
Jonas Valanciunas,MEM,70,26.4,0.583(6.2/10.6),0.740(2.1/2.9),0.5,14.9,11.3,1.9,0.4,1.1,1.8,4.21
Shai Gilgeous-Alexander,OKL,70,34.7,0.472(6.8/14.5),0.807(4.1/5.1),1.2,19,5.9,3.3,1.1,0.7,1.9,4.03
Brook Lopez ,MIL,68,26.7,0.435(4.3/9.9),0.836(1.9/2.2),1.5,12,4.6,1.5,0.7,2.4,1,3.99
Jamal Murray ,DEN,59,32.3,0.456(6.9/15.2),0.881(2.8/3.1),1.9,18.5,4,4.8,1.1,0.3,2.2,3.97
CJ McCollum,POR,70,36.5,0.451(8.7/19.4),0.757(2.0/2.6),2.8,22.2,4.3,4.4,0.8,0.6,1.8,3.8
Tobias Harris,PHI,72,34.3,0.471(7.7/16.3),0.805(2.4/3.0),1.8,19.6,6.9,3.2,0.7,0.6,1.4,3.76
Jaren Jackson Jr. ,MEM,57,28.5,0.469(6.2/13.2),0.747(2.4/3.3),2.5,17.4,4.6,1.4,0.7,1.6,1.7,3.75
Kelly Oubre Jr. ,PHX,56,34.5,0.452(6.7/14.8),0.780(3.4/4.4),1.9,18.7,6.5,1.5,1.3,0.7,1.5,3.55
Devonte' Graham,CHA,63,35.1,0.382(5.8/15.3),0.820(3.0/3.7),3.5,18.2,3.3,7.5,1,0.2,2.9,3.37
Myles Turner,IND,62,29.4,0.457(4.3/9.5),0.751(2.1/2.7),1.4,12.1,6.6,1.2,0.7,2.1,1.4,3.33
Lonzo Ball,NOP,63,32.1,0.403(4.4/10.9),0.566(0.7/1.2),2.4,11.8,6.1,6.9,1.4,0.6,3,3.28
De'Aaron Fox,SAC,51,32,0.480(7.7/16.0),0.705(4.7/6.7),1.1,21.1,3.8,6.8,1.5,0.5,3.1,3.27
Jaylen Brown,BOS,57,33.9,0.481(7.5/15.6),0.724(3.1/4.3),2.3,20.3,6.4,2.1,1.2,0.4,2.2,3.26
Danilo Gallinari,OKL,62,29.6,0.438(5.8/13.2),0.893(4.3/4.8),2.9,18.7,5.2,1.9,0.7,0.1,1.2,3.24
Marcus Smart,BOS,60,32,0.375(4.3/11.4),0.836(2.1/2.5),2.3,12.9,3.8,4.8,1.7,0.5,1.7,3.15
Mitchell Robinson,NYK,61,23.2,0.742(4.2/5.6),0.568(1.4/2.4),0,9.7,7,0.6,0.9,2,0.6,3.12
Norman Powell,TOR,52,28.4,0.497(5.7/11.5),0.843(2.5/2.9),2.1,16,3.6,1.8,1.2,0.4,1.5,3.07
Buddy Hield,SAC,72,30.8,0.428(6.9/16.2),0.846(1.6/1.9),3.8,19.2,4.6,3,0.9,0.2,2.3,3.03
Davis Bertans ,WAS,54,29.3,0.434(4.9/11.3),0.852(1.9/2.3),3.7,15.4,4.5,1.7,0.7,0.6,1.1,2.98
Terry Rozier,CHA,63,34.4,0.422(6.3/15.0),0.869(2.6/3.0),2.7,18,4.4,4.1,1,0.2,2.2,2.93
Malcolm Brogdon ,IND,54,30.9,0.438(6.0/13.8),0.892(3.1/3.4),1.4,16.5,4.9,7.1,0.6,0.2,2.4,2.92
Will Barton ,DEN,58,33,0.450(5.7/12.7),0.770(1.8/2.3),1.9,15.1,6.3,3.7,1.1,0.5,1.5,2.87
Evan Fournier,ORL,66,31.4,0.467(6.6/14.1),0.818(2.7/3.3),2.6,18.5,2.6,3.2,1.1,0.2,1.9,2.77
Thomas Bryant,WAS,46,24.9,0.581(5.3/9.1),0.739(1.9/2.5),0.8,13.2,7.2,1.8,0.5,1.1,1.2,2.72
Al Horford,PHI,67,30.2,0.450(4.8/10.6),0.763(0.9/1.2),1.5,11.9,6.8,4,0.8,0.9,1.2,2.61
Bojan Bogdanovic ,UTA,63,33.1,0.447(6.6/14.8),0.903(4.0/4.4),3,20.2,4.1,2.1,0.5,0.1,2.5,2.56
Ja Morant,MEM,67,31,0.477(6.7/14.0),0.776(3.6/4.6),0.9,17.8,3.9,7.3,0.9,0.3,3.3,2.49
Derrick Rose,DET,50,26,0.490(7.4/15.1),0.871(2.4/2.8),0.9,18.1,2.4,5.6,0.8,0.3,2.5,2.4
Andrew Wiggins,GSW,54,34.4,0.447(8.1/18.1),0.709(3.5/5.0),2.1,21.8,5.1,3.7,0.8,1,2.4,2.39
Draymond Green,GSW,43,28.4,0.390(2.9/7.3),0.759(1.5/1.9),0.8,8,6.2,6.2,1.4,0.8,2.3,2.36
Dejounte Murray,SAS,66,25.6,0.462(4.5/9.7),0.798(1.4/1.7),0.6,10.9,5.8,4.1,1.7,0.3,1.9,2.21
Eric Bledsoe,MIL,61,27,0.474(5.5/11.6),0.790(2.8/3.5),1.2,14.9,4.7,5.4,0.9,0.4,2.4,2.19
Nemanja Bjelica,SAC,72,27.9,0.480(4.4/9.1),0.821(1.0/1.2),1.9,11.5,6.3,2.8,0.8,0.6,1.4,2.16
Collin Sexton,CLE,65,33,0.472(7.9/16.7),0.846(3.5/4.1),1.5,20.8,3.2,3,1,0.1,2.4,2.08
Dennis Schroder ,OKL,65,30.8,0.469(7.0/14.9),0.839(3.1/3.6),1.9,18.9,3.6,4,0.7,0.2,2.6,2.06
OG Anunoby,TOR,69,29.9,0.505(4.1/8.2),0.706(1.0/1.5),1.3,10.6,5.3,1.6,1.4,0.7,1.1,1.87
Serge Ibaka,TOR,55,27,0.512(6.2/12.2),0.718(1.6/2.3),1.3,15.4,8.2,1.4,0.5,0.8,2,1.79
Daniel Theis,BOS,65,24.1,0.566(3.7/6.6),0.763(1.3/1.8),0.5,9.2,6.5,1.7,0.6,1.3,0.8,1.71
Lou Williams,LAC,65,28.7,0.418(6.0/14.4),0.861(4.5/5.2),1.7,18.2,3.1,5.6,0.7,0.2,2.8,1.7
Nerlens Noel,OKL,61,18.5,0.684(3.0/4.4),0.755(1.3/1.7),0,7.4,4.9,0.9,1,1.5,1.1,1.68
Brandon Clarke,MEM,58,22.4,0.621(5.1/8.2),0.759(1.5/1.9),0.4,12.1,5.9,1.4,0.6,0.8,0.9,1.63
Jarrett Allen,BRO,70,26.5,0.649(4.3/6.6),0.633(2.4/3.9),0,11.1,9.6,1.6,0.6,1.3,1.1,1.56
Luke Kennard,DET,28,32.9,0.442(5.4/12.2),0.893(2.4/2.7),2.6,15.8,3.5,4.1,0.4,0.2,1.5,1.52
Duncan Robinson,MIA,73,29.7,0.470(4.4/9.4),0.931(0.9/1.0),3.7,13.5,3.2,1.4,0.5,0.3,0.9,1.44
Mikal Bridges,PHX,73,28,0.510(3.4/6.6),0.844(1.4/1.7),1,9.1,4,1.8,1.4,0.6,1,1.42
Alec Burks,PHI,66,26.6,0.418(4.9/11.6),0.887(3.6/4.0),1.8,15,4.3,2.9,0.9,0.2,1.4,1.37
Jabari Parker,SAC,38,24.2,0.510(5.8/11.3),0.753(1.6/2.1),0.8,14,5.6,1.8,1.2,0.4,1.7,1.37
Julius Randle,NYK,64,32.5,0.461(7.2/15.7),0.733(4.0/5.5),1,19.5,9.7,3.1,0.8,0.3,3,1.34
Derrick White,SAS,68,24.7,0.458(3.7/8.1),0.853(2.7/3.1),1.2,11.3,3.3,3.5,0.7,0.9,1.3,1.34
Montrezl Harrell ,LAC,63,27.8,0.579(7.5/12.9),0.658(3.7/5.6),0,18.6,7.1,1.7,0.6,1.1,1.7,1.34
Spencer Dinwiddie,BRO,64,31.2,0.416(6.6/15.9),0.778(5.4/7.0),1.9,20.6,3.5,6.8,0.6,0.3,2.7,1.31
Bogdan Bogdanovic,SAC,61,28.9,0.440(5.5/12.6),0.741(1.4/1.9),2.7,15.1,3.4,3.4,1.1,0.2,1.7,1.27
Lauri Markkanen,CHI,50,29.8,0.425(5.0/11.8),0.824(2.5/3.1),2.2,14.7,6.3,1.5,0.8,0.5,1.6,1.21
Marcus Morris Sr.,LAC,62,31.2,0.438(5.7/13.1),0.823(2.9/3.6),2.3,16.7,5,1.4,0.7,0.5,1.6,1.17
Cameron Payne,TOR,8,22.9,0.485(4.1/8.5),0.857(0.8/0.9),1.9,10.9,3.9,3,1,0.3,1.4,1.15
Larry Nance Jr.,CLE,56,26.3,0.531(4.1/7.7),0.676(0.9/1.3),1,10.1,7.3,2.2,1,0.4,1.1,1.12
Kevin Huerter,ATL,56,31.4,0.413(4.5/10.9),0.828(1.0/1.1),2.3,12.2,4.1,3.8,0.9,0.5,1.6,1.06
Jeremy Lamb ,IND,46,28.1,0.451(4.7/10.4),0.836(2.0/2.4),1.2,12.5,4.3,2.1,1.2,0.5,1.1,1.01
Steven Adams,OKL,63,26.7,0.592(4.5/7.6),0.582(1.9/3.2),0,10.9,9.3,2.3,0.8,1.1,1.5,0.99
Derrick Favors,NOP,51,24.4,0.618(4.1/6.6),0.563(0.8/1.4),0,9,9.8,1.6,0.6,0.9,1.1,0.97
Kris Dunn ,CHI,51,24.9,0.444(3.0/6.7),0.741(0.8/1.1),0.6,7.3,3.7,3.4,2,0.4,1.3,0.96
Wendell Carter Jr.,CHI,43,29.2,0.534(4.3/8.0),0.737(2.6/3.5),0.1,11.3,9.4,1.2,0.8,0.8,1.7,0.93
Christian Wood,DET,62,21.4,0.567(4.7/8.2),0.745(2.9/3.9),0.9,13.1,6.3,1,0.5,0.9,1.4,0.88
Paul Millsap,DEN,51,24.3,0.482(4.1/8.6),0.816(2.3/2.8),1.1,11.6,5.7,1.6,0.9,0.6,1.4,0.82
Elfrid Payton,NYK,45,27.7,0.439(4.3/9.8),0.570(1.1/1.9),0.3,10,4.7,7.2,1.6,0.4,2.1,0.79
Jae Crowder,MIA,65,28.8,0.401(3.5/8.7),0.776(1.5/1.9),2.1,10.5,5.9,2.5,1.1,0.4,1.1,0.76
Joe Ingles,UTA,72,29.7,0.445(3.4/7.7),0.787(1.0/1.3),2,9.8,3.9,5.2,0.9,0.2,2,0.76
Tomas Satoransky,CHI,65,28.9,0.430(3.7/8.5),0.876(1.6/1.9),1,9.9,3.9,5.4,1.2,0.1,2,0.7
Marc Gasol,TOR,44,26.4,0.427(2.7/6.3),0.735(0.8/1.1),1.3,7.5,6.2,3.3,0.8,0.9,1.3,0.69
Goran Dragic ,MIA,59,28.2,0.441(5.4/12.3),0.776(3.2/4.2),2.1,16.2,3.2,5.1,0.7,0.2,2.5,0.68
Marquese Chriss,GSW,59,20.3,0.544(3.6/6.5),0.769(2.0/2.6),0.1,9.3,6.2,1.9,0.7,1.1,1.3,0.66
Carmelo Anthony,POR,58,32.8,0.430(5.8/13.5),0.845(2.3/2.8),1.5,15.4,6.3,1.5,0.8,0.5,1.7,0.66
JJ Redick,NOP,60,26.4,0.453(4.8/10.5),0.892(2.8/3.1),3,15.3,2.5,2,0.3,0.2,1.3,0.61
DeAndre Jordan,BRO,56,22,0.666(3.4/5.1),0.680(1.5/2.2),0,8.3,10,1.9,0.3,0.9,1.3,0.6
Patrick Beverley ,LAC,51,26.3,0.431(2.9/6.7),0.660(0.6/0.9),1.6,7.9,5.2,3.6,1.1,0.5,1.3,0.44
Damion Lee,GSW,49,29,0.417(4.4/10.4),0.873(2.2/2.6),1.7,12.7,4.9,2.7,1,0.1,1.4,0.43
Terrence Ross,ORL,69,27.4,0.403(4.9/12.3),0.853(2.3/2.7),2.6,14.7,3.2,1.2,1.1,0.3,1,0.4
Joe Harris,BRO,69,30.8,0.486(5.5/11.4),0.719(0.9/1.3),2.5,14.5,4.3,2.1,0.6,0.2,1.5,0.39
Josh Richardson,PHI,55,30.8,0.430(5.1/11.8),0.809(2.1/2.6),1.6,13.7,3.2,2.9,0.9,0.7,1.9,0.35
Aaron Gordon ,ORL,62,32.5,0.437(5.4/12.4),0.674(2.4/3.6),1.2,14.4,7.7,3.7,0.8,0.6,1.6,0.3
Shabazz Napier,WAS,56,24,0.412(3.4/8.1),0.824(2.3/2.7),1.4,10.3,2.8,4.7,1.3,0.2,2.3,0.29
Danuel House Jr.,HOU,63,30.4,0.427(3.7/8.6),0.811(1.2/1.4),2.1,10.5,4.2,1.3,1.1,0.5,0.9,0.27
Tristan Thompson,CLE,57,30.2,0.513(5.1/9.8),0.615(1.7/2.8),0.2,12,10.1,2.1,0.6,0.9,1.8,0.19
Caris LeVert,BRO,45,29.6,0.425(6.9/16.3),0.711(3.1/4.4),1.8,18.7,4.2,4.4,1.2,0.2,2.6,0.16
Josh Hart,NOP,65,27,0.423(3.5/8.2),0.739(1.3/1.8),1.9,10.1,6.6,1.7,1,0.4,1.2,0.13
P.J. Tucker,HOU,72,34.3,0.415(2.5/5.9),0.813(0.5/0.7),1.5,6.9,6.6,1.6,1.1,0.5,1,0.08
Kendrick Nunn,MIA,67,29.3,0.439(6.0/13.6),0.850(1.3/1.5),2,15.3,2.7,3.3,0.8,0.2,1.7,0.06
Maxi Kleber,DAL,74,25.5,0.461(3.2/7.0),0.849(1.1/1.3),1.6,9.1,5.3,1.2,0.3,1.1,0.8,0.04
Markelle Fultz,ORL,72,27.7,0.465(5.0/10.7),0.730(1.6/2.2),0.5,12.1,3.3,5.1,1.3,0.2,2,0.03
Glenn Robinson III ,PHI,62,28.8,0.487(4.7/9.5),0.860(1.2/1.4),1.2,11.7,4.3,1.5,0.9,0.3,0.9,0.01
Marvin Bagley III ,SAC,13,25.7,0.467(6.0/12.9),0.806(1.9/2.4),0.3,14.2,7.5,0.8,0.5,0.9,1.4,-0.02
Trevor Ariza,POR,53,28.2,0.438(2.7/6.1),0.838(1.2/1.4),1.5,8,4.6,1.7,1.3,0.3,1.1,-0.02
Tim Hardaway Jr.,DAL,71,29.5,0.434(5.4/12.5),0.819(2.1/2.6),2.9,15.8,3.3,1.9,0.6,0.1,1,-0.03
Mike Conley,UTA,47,29,0.409(4.9/12.1),0.827(2.5/3.0),2,14.4,3.2,4.4,0.8,0.1,2,-0.05
P.J. Washington,CHA,58,30.3,0.455(4.6/10.2),0.652(1.5/2.3),1.5,12.2,5.4,2.1,0.9,0.8,1.6,-0.07
Justin Holiday,IND,73,25,0.429(2.9/6.6),0.791(0.7/0.9),1.8,8.3,3.3,1.3,1.2,0.6,0.6,-0.09
Donte DiVincenzo,MIL,66,23,0.455(3.5/7.7),0.733(1.0/1.3),1.3,9.2,4.8,2.3,1.3,0.3,1.4,-0.1
Willie Cauley-Stein,DAL,54,20.3,0.579(3.2/5.6),0.606(0.7/1.2),0,7.2,5.8,1.3,0.9,1.1,0.7,-0.17
Miles Bridges,CHA,65,30.7,0.424(4.9/11.6),0.809(1.6/2.0),1.5,13,5.6,1.8,0.6,0.7,1.4,-0.27
Zion Williamson,NOP,24,27.8,0.583(8.8/15.0),0.640(4.8/7.4),0.3,22.5,6.3,2.1,0.7,0.4,2.5,-0.29
Jeff Teague,ATL,59,24.8,0.435(3.6/8.3),0.873(2.9/3.3),0.7,10.9,2.4,5.2,0.7,0.3,2,-0.33
Harrison Barnes,SAC,72,34.5,0.461(5.1/11.0),0.801(3.0/3.7),1.4,14.5,4.9,2.2,0.6,0.2,1.2,-0.36
Rui Hachimura,WAS,48,30.1,0.466(5.3/11.4),0.829(2.4/2.9),0.5,13.5,6.1,1.8,0.8,0.2,1.1,-0.4
Bruce Brown,DET,58,28.2,0.443(3.4/7.7),0.739(1.5/2.1),0.6,8.9,4.7,4,1.1,0.5,1.7,-0.41
George Hill,MIL,59,21.5,0.516(3.3/6.4),0.842(1.4/1.7),1.4,9.4,3,3.1,0.8,0.1,1,-0.41
Dario Saric,PHX,66,24.7,0.476(3.9/8.2),0.844(1.6/1.9),1.3,10.7,6.2,1.9,0.6,0.2,1.3,-0.42
Ish Smith,WAS,68,26.3,0.447(4.5/10.1),0.721(0.9/1.3),0.9,10.9,3.2,4.9,0.9,0.4,1.4,-0.44
Troy Brown Jr.,WAS,69,25.8,0.439(4.0/9.0),0.784(1.6/2.0),0.9,10.4,5.6,2.6,1.2,0.1,1.1,-0.47
Dillon Brooks,MEM,73,28.9,0.408(6.0/14.6),0.808(2.3/2.8),2,16.2,3.3,2.1,0.9,0.4,1.7,-0.54
Jerami Grant,DEN,71,26.6,0.479(4.3/8.9),0.747(2.0/2.7),1.4,12,3.5,1.2,0.7,0.8,0.9,-0.55
Jordan Clarkson,UTA,71,24,0.454(5.6/12.2),0.836(1.9/2.3),2.1,15.2,2.6,1.9,0.6,0.2,1.4,-0.57
Thaddeus Young,CHI,64,24.9,0.447(4.2/9.4),0.583(0.7/1.1),1.2,10.3,4.9,1.8,1.4,0.4,1.6,-0.58
JaVale McGee,LAL,68,16.6,0.637(2.9/4.5),0.646(0.8/1.2),0,6.6,5.8,0.5,0.5,1.4,0.8,-0.58
Dwight Powell ,DAL,40,26.5,0.638(3.7/5.7),0.667(1.9/2.8),0.3,9.4,5.7,1.5,0.9,0.5,0.9,-0.6
Seth Curry ,DAL,64,24.6,0.495(4.4/9.0),0.825(1.3/1.5),2.3,12.4,2.3,1.9,0.6,0.1,1,-0.62
Tyler Herro,MIA,55,27.4,0.428(4.9/11.5),0.870(1.6/1.8),2.1,13.5,4.1,2.2,0.6,0.2,1.6,-0.62
Gary Harris ,DEN,56,31.8,0.420(3.9/9.3),0.815(1.3/1.6),1.3,10.4,2.9,2.1,1.4,0.3,1.1,-0.63
Gorgui Dieng,MEM,63,17.4,0.456(2.6/5.8),0.772(1.2/1.6),0.9,7.4,5.6,1.2,0.8,0.9,1,-0.66
Otto Porter Jr.,CHI,14,23.6,0.443(4.4/10.0),0.704(1.4/1.9),1.7,11.9,3.4,1.8,1.1,0.4,0.8,-0.67
Taurean Prince,BRO,64,29,0.376(4.3/11.6),0.798(1.1/1.4),2.3,12.1,6,1.8,0.9,0.4,2,-0.7
Rodney Hood ,POR,21,29.5,0.506(4.1/8.2),0.778(1.0/1.3),1.7,11,3.4,1.5,0.8,0.2,0.9,-0.71
Derrick Jones Jr.,MIA,59,23.3,0.527(3.1/5.9),0.772(1.6/2.1),0.6,8.5,3.9,1.1,1,0.6,0.5,-0.71
Rudy Gay,SAS,67,21.8,0.446(4.0/8.9),0.882(1.8/2.0),1.1,10.8,5.4,1.7,0.5,0.5,1.3,-0.77
Royce O'Neale,UTA,71,28.9,0.433(2.2/5.1),0.764(0.6/0.8),1.3,6.3,5.5,2.5,0.8,0.5,0.9,-0.78
Robert Williams,BOS,29,13.4,0.727(2.2/3.0),0.647(0.8/1.2),0,5.2,4.4,0.9,0.8,1.2,0.7,-0.79
Jakob Poeltl,SAS,66,17.7,0.624(2.5/4.0),0.465(0.6/1.3),0,5.6,5.7,1.8,0.6,1.5,0.8,-0.81
Dorian Finney-Smith,DAL,71,29.9,0.466(3.4/7.4),0.722(1.1/1.5),1.6,9.5,5.7,1.6,0.6,0.5,1,-0.82
James Johnson,MIN,32,19.4,0.479(3.2/6.7),0.646(1.0/1.5),1,8.4,3.7,2.3,0.8,1,1.5,-0.82
Ivica Zubac,LAC,72,18.4,0.610(3.3/5.4),0.747(1.7/2.3),0,8.3,7.6,1.1,0.2,0.9,0.8,-0.88
Delon Wright,DAL,73,21.5,0.461(2.6/5.6),0.770(1.1/1.4),0.6,6.9,3.8,3.3,1.2,0.3,1,-0.91
Danny Green,LAL,68,24.8,0.416(2.9/7.0),0.688(0.5/0.7),1.8,8,3.3,1.3,1.2,0.5,0.9,-1.07
Kelly Olynyk,MIA,67,19.4,0.462(2.8/5.9),0.860(1.3/1.5),1.4,8.2,4.6,1.7,0.7,0.3,1.1,-1.13
Garrett Temple,BRO,62,27.9,0.378(3.6/9.5),0.805(1.1/1.4),2.1,10.3,3.5,2.5,0.8,0.5,1,-1.17
Victor Oladipo,IND,19,27.8,0.394(5.1/13.0),0.814(2.5/3.1),1.7,14.5,3.9,2.9,0.9,0.2,2.5,-1.22
Patty Mills,SAS,66,22.5,0.431(3.9/9.1),0.866(1.5/1.7),2.3,11.6,1.6,1.8,0.8,0.1,0.8,-1.25
Michael Porter Jr.,DEN,55,16.4,0.509(3.6/7.0),0.833(1.1/1.3),1.1,9.3,4.7,0.8,0.5,0.5,0.9,-1.29
Michael Carter-Williams ,ORL,45,18.5,0.427(2.5/5.8),0.832(1.8/2.1),0.5,7.2,3.3,2.4,1.1,0.5,1.2,-1.44
Enes Kanter,BOS,58,17,0.572(3.4/6.0),0.707(1.2/1.7),0,8.1,7.4,1,0.4,0.7,1,-1.49
Aron Baynes ,PHX,42,22.2,0.479(4.4/9.1),0.747(1.3/1.8),1.4,11.5,5.7,1.6,0.2,0.5,1.2,-1.49
Moritz Wagner,WAS,45,18.6,0.545(3.2/5.9),0.821(1.7/2.1),0.6,8.7,4.9,1.2,0.6,0.4,1.5,-1.52
Cody Zeller,CHA,58,23.1,0.523(4.3/8.3),0.682(2.1/3.1),0.3,11.1,7.1,1.5,0.7,0.4,1.3,-1.54
D.J. Augustin,ORL,57,24.9,0.399(3.2/8.1),0.890(2.8/3.2),1.2,10.5,2.1,4.6,0.6,0,1.5,-1.55
Cam Reddish,ATL,58,26.7,0.384(3.7/9.6),0.802(1.7/2.2),1.4,10.5,3.7,1.5,1.1,0.5,1.6,-1.59
Eric Paschall,GSW,60,27.6,0.496(5.3/10.7),0.774(2.7/3.5),0.6,13.9,4.6,2.1,0.5,0.2,1.6,-1.61
Josh Okogie,MIN,62,25,0.427(2.7/6.4),0.796(2.5/3.1),0.7,8.6,4.3,1.6,1.1,0.4,1.4,-1.65
Reggie Jackson,LAC,31,24,0.411(4.3/10.5),0.833(1.5/1.7),1.8,11.9,3,4.1,0.4,0.2,1.6,-1.66
De'Anthony Melton,MEM,60,19.5,0.401(2.7/6.7),0.769(1.6/2.0),0.7,7.6,3.7,2.9,1.3,0.3,1.4,-1.7
Jordan McLaughlin,MIN,30,19.7,0.489(2.9/5.9),0.667(0.9/1.3),1,7.6,1.6,4.2,1.1,0.1,1,-1.72
T.J. McConnell,IND,71,18.7,0.515(3.0/5.8),0.833(0.5/0.6),0.1,6.5,2.7,5,0.8,0.2,1.4,-1.74
Keldon Johnson,SAS,17,17.7,0.596(3.1/5.2),0.795(2.1/2.6),0.8,9.1,3.4,0.9,0.8,0.1,0.8,-1.75
Kent Bazemore,SAC,68,24.8,0.375(2.9/7.9),0.769(1.7/2.2),1.2,8.8,4.3,1.4,1.1,0.6,1.3,-1.75
Monte Morris,DEN,73,22.4,0.459(3.6/7.8),0.843(1.0/1.2),0.9,9,1.9,3.5,0.8,0.2,0.7,-1.77
Cedi Osman,CLE,65,29.4,0.437(4.1/9.4),0.670(1.0/1.5),1.9,11,3.6,2.4,0.8,0.2,1.4,-1.79
Coby White,CHI,65,25.8,0.394(4.8/12.2),0.791(1.6/2.0),2.1,13.2,3.6,2.7,0.8,0.1,1.7,-1.8
Langston Galloway,DET,66,25.8,0.435(3.6/8.2),0.857(1.1/1.3),2,10.2,2.2,1.5,0.7,0.2,0.6,-1.81
Mo Bamba,ORL,62,14.2,0.462(2.1/4.6),0.674(0.5/0.7),0.6,5.4,4.9,0.7,0.4,1.4,0.7,-1.83
Cameron Johnson,PHX,57,22,0.435(3.1/7.1),0.807(0.8/1.0),1.9,8.8,3.3,1.2,0.6,0.4,0.6,-1.95
De'Andre Hunter,ATL,63,32,0.410(4.4/10.8),0.764(1.8/2.3),1.7,12.3,4.5,1.8,0.7,0.3,1.6,-1.97
Aaron Holiday,IND,66,24.5,0.414(3.5/8.5),0.851(1.1/1.3),1.3,9.5,2.3,3.4,0.8,0.2,1.3,-1.98
Ian Mahinmi,WAS,38,21.3,0.493(2.7/5.6),0.619(1.8/3.0),0.1,7.4,5.8,1.3,0.8,1.2,1.2,-2.12
Alex Len,SAC,55,17.6,0.553(3.2/5.8),0.648(1.2/1.9),0.3,8,5.9,0.9,0.4,0.9,1,-2.13
Tony Snell,DET,59,27.8,0.445(2.9/6.5),1.000(0.5/0.5),1.7,8,1.9,2.2,0.5,0.3,0.5,-2.2
Zach Collins,POR,11,26.4,0.471(2.9/6.2),0.750(0.6/0.7),0.6,7,6.3,1.5,0.5,0.5,1.3,-2.22
Darius Garland,CLE,59,30.9,0.401(4.8/11.8),0.875(1.1/1.2),1.8,12.3,1.9,3.9,0.7,0.1,2.5,-2.22
Ben McLemore,HOU,71,22.8,0.444(3.4/7.7),0.746(0.7/0.9),2.6,10.1,2.2,0.8,0.6,0.2,0.7,-2.26
Gary Trent Jr.,POR,61,21.8,0.444(3.2/7.2),0.822(0.6/0.7),1.8,8.9,1.6,1,0.8,0.3,0.3,-2.27
Matisse Thybulle,PHI,65,19.8,0.423(1.7/4.1),0.610(0.4/0.6),0.9,4.7,1.6,1.2,1.4,0.7,0.8,-2.28
Tyus Jones ,MEM,65,19,0.459(3.0/6.6),0.741(0.7/0.9),0.7,7.4,1.6,4.4,0.9,0.1,0.8,-2.31
JaMychal Green,LAC,63,20.7,0.429(2.4/5.6),0.750(0.6/0.8),1.5,6.8,6.2,0.8,0.5,0.4,0.9,-2.32
Shake Milton,PHI,40,20.1,0.484(3.4/6.9),0.785(1.3/1.6),1.5,9.4,2.2,2.6,0.5,0.2,1.2,-2.34
Kyle Anderson,MEM,67,19.8,0.474(2.3/4.9),0.667(0.8/1.2),0.4,5.8,4.3,2.4,0.8,0.6,1,-2.35
Chris Boucher,TOR,62,13.2,0.472(2.3/4.8),0.784(1.5/1.9),0.6,6.6,4.5,0.4,0.4,1,0.5,-2.38
Juan Toscano-Anderson, ,13,20.9,0.460(2.2/4.9),0.600(0.2/0.4),0.6,5.3,4,2,1,0.4,1.2,-2.42
Malik Beasley,MIN,55,22,0.425(4.1/9.7),0.818(1.0/1.2),2,11.2,2.7,1.4,0.7,0.1,1.1,-2.45
Bobby Portis,NYK,66,21.1,0.450(4.0/8.9),0.763(1.1/1.4),1,10.1,5.1,1.5,0.5,0.3,1.1,-2.46
Jeff Green,HOU,48,20,0.462(3.3/7.2),0.802(1.5/1.9),1.3,9.4,2.8,1,0.6,0.4,0.9,-2.5
Kyle Kuzma,LAL,61,25,0.436(4.8/11.0),0.735(1.9/2.5),1.4,12.8,4.5,1.3,0.5,0.4,1.5,-2.51
Kentavious Caldwell-Pope,LAL,69,25.5,0.467(3.4/7.4),0.775(1.1/1.5),1.3,9.3,2.1,1.6,0.8,0.2,0.9,-2.52
Brad Wanamaker,BOS,71,19.3,0.448(2.3/5.1),0.926(1.8/1.9),0.5,6.9,2,2.5,0.8,0.2,1.1,-2.53
Kevin Porter Jr.,CLE,50,23.2,0.442(3.7/8.4),0.723(1.5/2.0),1.1,10,3.2,2.2,0.9,0.3,1.9,-2.53
Dwight Howard ,LAL,69,18.9,0.729(2.9/4.0),0.514(1.6/3.1),0,7.5,7.3,0.7,0.5,1.1,1.2,-2.56
Justise Winslow,MEM,11,32,0.388(4.6/11.7),0.667(1.6/2.5),0.6,11.3,6.6,4,0.7,0.5,2.2,-2.61
Omari Spellman,MIN,49,18.1,0.431(2.6/6.0),0.793(1.5/1.9),0.9,7.6,4.4,1,0.7,0.5,1.1,-2.61
Dion Waiters,MEM,10,20.7,0.414(4.1/9.9),0.824(1.4/1.7),1.5,11.1,2.4,2,0.4,0.6,1.6,-2.62
Jordan McRae,DEN,37,21.2,0.407(4.0/9.9),0.761(2.2/3.0),1.2,11.5,3.4,2.5,0.6,0.4,1.2,-2.66
Nicolas Batum,CHA,22,23,0.346(1.3/3.7),0.900(0.4/0.5),0.6,3.6,4.5,3,0.8,0.4,1,-2.68
Ky Bowman,GSW,45,22.6,0.417(3.0/7.1),0.829(0.8/0.9),0.7,7.4,2.7,2.9,1,0.2,1.6,-2.69
Cory Joseph,SAC,72,24.4,0.415(2.4/5.7),0.857(0.8/1.0),0.8,6.4,2.6,3.5,0.7,0.3,1.1,-2.69
John Henson,DET,40,15,0.556(2.4/4.3),0.500(0.6/1.2),0.2,5.5,4,1.4,0.6,1.1,0.9,-2.7
Skal Labissiere,ATL,33,17.2,0.551(2.5/4.5),0.758(0.8/1.0),0.1,5.8,5.1,1.3,0.2,0.9,0.9,-2.7
Markieff Morris,LAL,58,20.5,0.442(3.5/7.9),0.776(1.1/1.5),1.5,9.7,3.7,1.3,0.5,0.3,1.3,-2.75
Andre Iguodala,MIA,21,19.9,0.432(1.8/4.2),0.400(0.3/0.7),0.7,4.6,3.7,2.4,0.7,1,1.3,-2.75
Dewayne Dedmon,ATL,44,17.6,0.400(2.3/5.8),0.833(0.7/0.8),0.5,5.8,5.7,0.5,0.6,0.9,1.3,-2.76
Svi Mykhailiuk,DET,56,22.6,0.410(3.0/7.2),0.814(1.0/1.3),2.1,9,1.9,1.9,0.7,0.1,1.1,-2.79
Bryn Forbes ,SAS,63,25.1,0.417(3.8/9.2),0.833(1.2/1.4),2.4,11.2,2,1.7,0.5,0,0.9,-2.79
Isaiah Thomas,LAC,40,23.1,0.408(4.4/10.7),0.816(1.6/1.9),2,12.2,1.7,3.6,0.3,0.2,1.9,-2.81
Bol Bol,DEN,6,14.5,0.500(2.3/4.7),0.800(1.3/1.7),0.7,6.7,3.2,1,0.3,1,1.7,-2.81
Eric Mika,SAC,1,19.1,0.667(2.0/3.0),1.000(2.0/2.0),0,6,7,0,0,0,0,-2.83
Damian Jones,ATL,55,16.1,0.680(2.2/3.2),0.738(1.1/1.5),0,5.6,3.7,0.6,0.5,0.7,0.5,-2.89
Trey Lyles,SAS,63,20.2,0.446(2.4/5.4),0.733(0.5/0.7),1,6.4,5.7,1.1,0.4,0.4,0.6,-2.94
Rajon Rondo ,LAL,48,20.5,0.419(2.9/6.8),0.659(0.6/0.9),0.9,7.1,3,5,0.8,0,1.9,-2.94
Landry Shamet,LAC,53,27.4,0.404(3.0/7.4),0.855(1.2/1.4),2.1,9.3,1.9,1.9,0.4,0.2,0.8,-2.95
Naz Reid,MIN,30,16.5,0.412(3.3/8.1),0.698(1.2/1.8),1.1,9,4.1,1.2,0.6,0.7,0.7,-2.95
Frank Ntilikina,NYK,57,20.8,0.393(2.3/5.8),0.864(0.9/1.0),0.8,6.3,2.1,3,0.9,0.3,1.2,-2.96
Marvin Williams,CHA,58,19.5,0.446(2.1/4.6),0.860(0.8/1.0),1,5.9,3.2,1,0.6,0.5,0.6,-2.97
Malik Monk,CHA,55,21.3,0.434(3.9/8.9),0.820(1.5/1.8),1.1,10.3,2.9,2.1,0.5,0.3,1.4,-2.98
Avery Bradley,LAL,49,24.2,0.444(3.5/7.8),0.833(0.4/0.5),1.3,8.6,2.3,1.3,0.9,0.1,1,-2.98
Doug McDermott,IND,69,19.9,0.488(3.9/7.9),0.828(0.7/0.8),1.9,10.3,2.5,1.1,0.2,0.1,0.6,-3
Terence Davis,TOR,72,16.8,0.456(2.8/6.1),0.864(0.7/0.8),1.3,7.5,3.3,1.6,0.5,0.2,1.1,-3.01
Moe Harkless,NYK,62,23,0.502(2.3/4.6),0.591(0.6/1.1),0.6,5.8,3.9,1.1,0.9,0.5,0.9,-3.02
Furkan Korkmaz,PHI,72,21.7,0.429(3.4/7.8),0.755(1.1/1.4),2,9.8,2.3,1.1,0.6,0.2,0.8,-3.02
DeAndre' Bembry,ATL,43,21.3,0.456(2.4/5.3),0.542(0.6/1.1),0.4,5.8,3.5,1.9,1.3,0.4,1.4,-3.04
Eric Gordon ,HOU,36,28.2,0.369(4.8/12.9),0.766(2.3/3.0),2.7,14.4,2,1.5,0.6,0.3,1.2,-3.05
Rondae Hollis-Jefferson,TOR,60,18.7,0.471(2.6/5.5),0.734(1.8/2.4),0.1,7,4.7,1.8,0.8,0.4,1,-3.08
Dragan Bender,MIL,16,17.8,0.446(2.6/5.8),0.714(0.6/0.9),0.9,6.7,4.6,1.8,0.3,0.6,1.3,-3.17
Jaxson Hayes,NOP,64,16.9,0.669(2.7/4.1),0.647(1.9/3.0),0,7.4,4.1,0.9,0.4,0.9,0.8,-3.17
Josh Jackson,MEM,22,17.3,0.440(3.2/7.2),0.700(1.6/2.3),1.1,9,3,1.6,0.8,0.4,1.3,-3.2
Harry Giles III,SAC,46,14.5,0.554(3.0/5.5),0.776(0.8/1.1),0,6.9,4.1,1.3,0.5,0.4,1,-3.21
Blake Griffin,DET,18,28.5,0.352(4.9/13.9),0.776(4.2/5.4),1.5,15.5,4.7,3.3,0.4,0.4,2.2,-3.25
Caleb Martin,CHA,18,17.6,0.440(2.1/4.7),0.810(0.9/1.2),1.1,6.2,2.1,1.3,0.7,0.4,0.8,-3.31
Pat Connaughton,MIL,67,18.6,0.455(2.0/4.5),0.775(0.5/0.6),0.8,5.4,4.2,1.6,0.4,0.5,0.8,-3.32
Ersan Ilyasova,MIL,63,15.7,0.466(2.3/5.0),0.828(1.1/1.4),0.8,6.6,4.8,0.8,0.4,0.3,0.5,-3.33
Jake Layman,MIN,23,22,0.453(3.5/7.8),0.750(1.0/1.4),1,9.1,2.5,0.7,0.7,0.4,1,-3.38
Meyers Leonard,MIA,51,20.3,0.509(2.3/4.6),0.643(0.4/0.6),1,6.1,5.1,1.1,0.3,0.3,0.8,-3.4
Taj Gibson,NYK,62,16.5,0.584(2.7/4.6),0.732(0.7/0.9),0.1,6.1,4.3,0.8,0.4,0.5,0.7,-3.43
Jalen Brunson ,DAL,57,17.9,0.466(3.2/6.8),0.813(1.1/1.3),0.8,8.2,2.4,3.3,0.4,0.1,1.2,-3.45
Alex Caruso,LAL,64,18.4,0.412(1.9/4.6),0.734(1.1/1.5),0.6,5.5,1.9,2,1.1,0.3,0.8,-3.48
Jahlil Okafor,NOP,30,15.6,0.623(3.4/5.4),0.645(1.3/2.1),0,8.1,4.2,1.2,0.2,0.7,1.3,-3.49
Austin Rivers,HOU,68,23.4,0.421(3.1/7.4),0.703(1.2/1.6),1.4,8.8,2.6,1.7,0.7,0.2,0.7,-3.53
Reggie Bullock,NYK,29,23.6,0.402(3.1/7.7),0.810(0.6/0.7),1.3,8.1,2.3,1.4,0.9,0.1,0.7,-3.55
Grayson Allen,MEM,38,18.9,0.466(3.1/6.6),0.867(1.0/1.2),1.5,8.7,2.2,1.4,0.3,0.1,0.9,-3.56
Frank Kaminsky,PHX,39,19.9,0.450(3.5/7.9),0.678(1.6/2.3),1.1,9.7,4.5,1.9,0.4,0.3,0.9,-3.56
Nicolo Melli,NOP,60,17.4,0.421(2.3/5.4),0.740(0.9/1.2),1.2,6.6,3,1.4,0.6,0.4,0.8,-3.57
Isaac Bonga,WAS,66,18.9,0.504(1.8/3.6),0.812(1.1/1.3),0.4,5,3.4,1.2,0.7,0.3,0.9,-3.6
Mason Plumlee,DEN,61,17.3,0.615(2.9/4.7),0.535(1.4/2.5),0,7.2,5.2,2.5,0.5,0.6,1.3,-3.62
Jevon Carter,PHX,58,16.3,0.416(1.7/4.2),0.852(0.4/0.5),1.1,4.9,2,1.4,0.8,0.3,0.5,-3.63
Drew Eubanks,SAS,22,12.4,0.642(2.0/3.1),0.769(0.9/1.2),0.1,4.9,3.9,0.7,0.2,0.8,1,-3.66
Patrick McCaw ,TOR,37,24.5,0.414(1.8/4.4),0.722(0.4/0.5),0.6,4.6,2.3,2.1,1.1,0.1,0.8,-3.77
Daniel Gafford,CHI,43,14.2,0.701(2.2/3.1),0.533(0.7/1.4),0,5.1,2.5,0.5,0.3,1.3,0.7,-3.78
Wilson Chandler,BRO,35,21,0.404(2.1/5.2),0.870(0.6/0.7),1.1,5.9,4.2,1.1,0.5,0.3,1,-3.8
Chris Chiozza,HOU,28,14.3,0.393(2.0/5.0),1.000(0.2/0.2),1,5.1,1.9,3,0.8,0.1,1.1,-3.8
Kyle Korver,MIL,58,16.6,0.430(2.2/5.1),0.854(0.6/0.7),1.7,6.7,2.1,1.2,0.4,0.2,0.8,-3.9
Jeremiah Martin,MIA,9,11,0.453(2.7/5.9),0.786(1.2/1.6),0.6,7.1,1.1,2,0.8,0.2,0.4,-3.91
James Ennis III,ORL,69,18.3,0.446(2.3/5.2),0.806(1.1/1.4),0.8,6.6,3.6,0.9,0.5,0.3,0.8,-3.92
Mychal Mulder, ,7,29.1,0.388(3.7/9.6),0.750(1.3/1.7),2.3,11,3.3,1.1,0.3,0.1,0.7,-3.96
Gary Payton II,WAS,29,14.9,0.414(1.7/4.0),0.500(0.1/0.3),0.5,3.9,2.8,1.7,1.1,0.2,0.7,-3.97
Tony Bradley,UTA,58,11.4,0.667(2.2/3.3),0.652(0.5/0.8),0.1,4.9,4.6,0.4,0.2,0.6,0.5,-3.97
Wesley Matthews ,MIL,67,24.4,0.396(2.5/6.3),0.765(0.8/1.0),1.6,7.4,2.5,1.4,0.6,0.1,0.6,-4
Shaquille Harrison,CHI,43,11.3,0.467(1.8/3.8),0.780(0.9/1.2),0.4,4.9,2,1.1,0.8,0.4,0.4,-4.03
Trey Burke,PHI,33,15.8,0.450(2.9/6.3),0.793(0.7/0.9),1,7.4,1.5,2.5,0.5,0.1,0.6,-4.03
Talen Horton-Tucker,LAL,6,13.5,0.467(2.3/5.0),0.500(0.3/0.7),0.7,5.7,1.2,1,1.3,0.2,1,-4.08
Solomon Hill,MIA,59,18.4,0.397(1.9/4.7),0.741(0.7/0.9),1.1,5.5,2.8,1.8,0.7,0.2,0.9,-4.08
Timothe Luwawu-Cabarrot,BRO,47,18.1,0.435(2.5/5.7),0.852(1.5/1.7),1.3,7.8,2.7,0.6,0.4,0.1,0.8,-4.14
Torrey Craig,DEN,58,18.5,0.461(2.1/4.6),0.611(0.4/0.6),0.8,5.4,3.3,0.8,0.4,0.6,0.4,-4.14
Jalen McDaniels,CHA,16,18.3,0.471(2.1/4.4),0.824(0.9/1.1),0.6,5.6,4.1,0.8,0.5,0.2,0.8,-4.14
Denzel Valentine,CHI,36,13.6,0.409(2.7/6.6),0.750(0.2/0.2),1.3,6.8,2.1,1.2,0.7,0.2,0.7,-4.14
J.J. Barea,DAL,29,15.5,0.411(2.9/7.1),0.909(0.7/0.8),1.1,7.7,1.8,3.9,0.2,0.1,1.3,-4.15
Courtney Lee ,DAL,24,14.4,0.488(1.7/3.4),0.857(0.3/0.3),0.9,4.5,1.3,0.5,0.8,0.3,0.5,-4.19
Isaiah Hartenstein,HOU,23,11.6,0.657(1.9/2.9),0.679(0.8/1.2),0,4.7,3.9,0.8,0.4,0.5,0.7,-4.19
David Nwaba ,BRO,20,13.4,0.521(1.9/3.6),0.667(0.9/1.4),0.6,5.2,2.3,0.4,0.6,0.6,0.4,-4.27
E'Twaun Moore,NOP,56,18.2,0.426(3.3/7.8),0.689(0.6/0.8),1.1,8.3,2.3,1.4,0.6,0.2,0.7,-4.28
Bismack Biyombo,CHA,53,19.4,0.543(2.9/5.3),0.603(1.7/2.9),0,7.4,5.8,0.9,0.2,0.9,0.9,-4.29
Luke Kornet ,CHI,36,15.5,0.439(2.3/5.2),0.714(0.6/0.8),0.9,6,2.3,0.9,0.3,0.7,0.4,-4.33
Sindarius Thornwell,LAC,2,17.7,0.545(3.0/5.5),0.500(1.0/2.0),1,8,2,2,0.5,0.5,1,-4.35
Darius Bazley,OKL,61,18.5,0.394(2.1/5.2),0.694(0.7/1.0),0.8,5.6,4,0.7,0.4,0.7,0.7,-4.35
Kyle O'Quinn,PHI,29,10.8,0.494(1.5/2.9),0.550(0.4/0.7),0.2,3.5,4,1.8,0.2,0.8,0.7,-4.39
Boban Marjanovic,DAL,42,10,0.576(2.9/5.0),0.754(1.0/1.4),0.1,6.9,4.7,0.5,0.2,0.2,0.7,-4.45
Mario Hezonja,POR,53,16.4,0.422(1.7/4.1),0.814(0.9/1.1),0.5,4.8,3.5,0.9,0.7,0.2,0.8,-4.49
Luguentz Dort,OKL,36,22.8,0.393(2.4/6.1),0.792(1.2/1.5),0.8,6.8,2.3,0.8,0.9,0.1,0.6,-4.51
RJ Barrett,NYK,56,30.4,0.402(5.2/13.0),0.614(2.8/4.5),1.1,14.3,5,2.6,0.9,0.3,2.2,-4.54
Jarrett Culver,MIN,63,23.9,0.404(3.7/9.0),0.462(0.9/1.9),1.1,9.2,3.4,1.7,0.9,0.6,1.3,-4.55
CJ Miles,WAS,10,16.1,0.322(1.9/5.9),0.750(1.5/2.0),1.1,6.4,1.2,1.2,1,0.4,0.4,-4.57
Cody Martin,CHA,48,18.8,0.430(1.9/4.3),0.646(0.9/1.4),0.4,5,3.3,2,0.8,0.2,0.9,-4.59
Cristiano Felicio,CHI,22,17.5,0.630(1.6/2.5),0.783(0.8/1.1),0,3.9,4.6,0.7,0.5,0.1,0.8,-4.62
Emmanuel Mudiay,UTA,54,15.7,0.463(2.8/6.0),0.759(1.2/1.5),0.6,7.3,2.3,2.1,0.4,0.2,1.4,-4.69
Abdel Nader,OKL,55,15.8,0.468(2.2/4.8),0.773(0.9/1.2),0.9,6.3,1.8,0.7,0.4,0.4,0.8,-4.69
Wes Iwundu,ORL,52,18.3,0.418(1.9/4.5),0.804(1.5/1.9),0.5,5.8,2.5,1.2,0.5,0.3,0.5,-4.71
Kenrich Williams,NOP,39,21.3,0.347(1.3/3.8),0.346(0.2/0.7),0.6,3.5,4.8,1.5,0.7,0.5,0.6,-4.71
Garrison Mathews , ,18,12.6,0.429(1.3/3.1),0.912(1.7/1.9),1.1,5.4,1.3,0.6,0.4,0.1,0.4,-4.73
Keita Bates-Diop,DEN,44,16.9,0.427(2.3/5.3),0.720(1.2/1.7),0.8,6.5,2.9,0.7,0.4,0.5,0.4,-4.74
Mike Scott ,PHI,68,17.8,0.426(2.2/5.2),0.811(0.4/0.5),1.2,6,3.7,0.8,0.3,0.1,0.4,-4.74
Tyler Johnson,PHX,39,18.2,0.388(2.5/6.4),0.840(1.1/1.3),1,7,2,1.9,0.4,0.2,0.7,-4.78
Al-Farouq Aminu ,ORL,18,21.1,0.291(1.4/4.8),0.655(1.1/1.6),0.5,4.3,4.9,1.2,1,0.4,0.9,-4.78
JaKarr Sampson,IND,34,13.8,0.591(2.0/3.4),0.667(0.5/0.8),0.1,4.6,2.6,0.6,0.5,0.4,0.4,-4.79
Jordan Poole,GSW,57,22.3,0.333(2.9/8.8),0.798(1.7/2.1),1.3,8.8,2.1,2.4,0.6,0.2,1.3,-4.9
Chandler Hutchison ,CHI,28,18.8,0.457(2.9/6.3),0.590(1.6/2.8),0.4,7.8,3.9,0.9,1,0.3,1,-4.91
Kelan Martin,MIN,31,16,0.392(2.3/5.8),0.968(1.0/1.0),0.8,6.4,3.1,0.7,0.2,0.3,0.6,-5
Cheick Diallo,PHX,47,10.2,0.648(2.0/3.0),0.872(0.7/0.8),0,4.7,2.8,0.5,0.2,0.3,0.7,-5.03
Anfernee Simons,POR,70,20.7,0.399(3.1/7.7),0.826(1.1/1.3),1.1,8.3,2.2,1.4,0.4,0.1,0.9,-5.03
Sterling Brown,MIL,52,14.7,0.371(1.8/4.9),0.800(0.6/0.8),0.9,5.1,3.5,1,0.6,0.1,0.8,-5.08
Hamidou Diallo,OKL,46,19.5,0.446(2.9/6.4),0.603(0.8/1.4),0.4,6.9,3.6,0.8,0.8,0.2,1.1,-5.11
Thon Maker,DET,60,12.9,0.482(1.6/3.2),0.664(1.2/1.8),0.4,4.7,2.8,0.7,0.4,0.7,0.8,-5.14
Damyean Dotson,NYK,48,17.4,0.414(2.5/6.0),0.667(0.5/0.7),1.2,6.7,1.9,1.2,0.5,0.1,0.4,-5.14
Khem Birch,ORL,48,19.2,0.510(1.5/3.0),0.653(1.4/2.1),0,4.4,4.6,1,0.4,0.5,0.6,-5.16
Norvel Pelle,PHI,24,9.7,0.521(1.0/2.0),0.500(0.3/0.6),0,2.4,3,0.3,0.1,1.3,0.8,-5.19
Frank Mason, ,9,13.1,0.451(2.6/5.7),0.588(1.1/1.9),0.7,6.9,2.1,3.2,0.6,0.1,1.2,-5.19
Brandon Goodwin,ATL,34,12.7,0.400(2.2/5.6),0.933(0.8/0.9),0.8,6.1,2.1,1.5,0.4,0.1,0.9,-5.21
Georges Niang,UTA,66,14,0.438(2.1/4.9),0.833(0.3/0.4),1.4,5.9,1.9,0.7,0.3,0.1,0.5,-5.23
PJ Dozier,BOS,29,14.2,0.414(2.2/5.4),0.724(0.7/1.0),0.6,5.8,1.9,2.2,0.5,0.2,0.9,-5.25
John Konchar,MEM,19,9.5,0.649(1.3/2.0),0.500(0.1/0.1),0.3,2.8,2.5,1.2,0.4,0.2,0.4,-5.26
Jeremy Pargo,GSW,3,14.8,0.500(3.7/7.3),0.000(0.0/0.3),1,8.3,1,2.7,0.3,0,1.3,-5.29
Ryan Arcidiacono,CHI,58,16,0.409(1.6/3.8),0.711(0.5/0.7),0.9,4.5,1.9,1.7,0.5,0.1,0.6,-5.33
Mike Muscala ,OKL,47,12.2,0.407(1.6/4.0),0.818(0.4/0.5),1.2,4.8,2.3,0.9,0.2,0.3,0.4,-5.35
Lonnie Walker IV,SAS,61,16.2,0.425(2.5/5.9),0.726(0.7/1.0),0.7,6.4,2.3,1.1,0.5,0.2,0.7,-5.36
Bruno Caboclo ,HOU,30,8.1,0.427(1.3/3.0),0.889(0.3/0.3),0.2,3,2,0.4,0.5,0.6,0.4,-5.36
Luka Samanic,SAS,3,16.1,0.313(1.7/5.3),0.750(1.0/1.3),1,5.3,3.3,2,0,0.7,0.7,-5.39
Robin Lopez,MIL,66,14.5,0.492(2.2/4.5),0.528(0.4/0.8),0.5,5.4,2.4,0.7,0.2,0.7,1,-5.44
Raul Neto,PHI,54,12.4,0.457(1.9/4.1),0.830(0.7/0.9),0.6,5.1,1.1,1.8,0.4,0.1,0.9,-5.5
Grant Williams,BOS,69,15.1,0.412(1.3/3.1),0.722(0.6/0.8),0.4,3.4,2.6,1,0.4,0.5,0.7,-5.51
Ryan Broekhoff,DAL,17,10.6,0.373(1.3/3.5),0.875(0.4/0.5),1.2,4.2,2.5,0.6,0.3,0.2,0.4,-5.55
Noah Vonleh,DEN,36,10.5,0.565(1.4/2.6),0.781(0.7/0.9),0.1,3.7,3.4,0.8,0.3,0.2,0.6,-5.56
Gary Clark,HOU,42,13.5,0.406(1.3/3.2),0.900(0.2/0.2),0.9,3.7,2.6,0.4,0.1,0.5,0.2,-5.56
Wayne Ellington,NYK,36,15.5,0.351(1.7/4.8),0.846(0.3/0.4),1.4,5.1,1.8,1.2,0.4,0.1,0.5,-5.62
Vince Carter,ATL,60,14.6,0.352(1.8/5.1),0.793(0.4/0.5),1,5,2.1,0.8,0.4,0.4,0.6,-5.63
Devontae Cacok,LAL,1,8.9,0.500(3.0/6.0),0.000(0.0/0.0),0,6,5,1,0,0,0,-5.63
Juancho Hernangomez,MIN,48,17.4,0.405(2.1/5.2),0.620(0.9/1.5),0.9,6,4.1,0.8,0.4,0.2,0.6,-5.64
Rodions Kurucs,BRO,47,14.5,0.446(1.7/3.8),0.632(0.5/0.8),0.7,4.6,2.9,1.1,0.5,0.1,1,-5.66
Zylan Cheatham,NOP,4,12.8,0.667(1.5/2.3),0.000(0.0/0.0),0,3,2.3,0.8,0.3,0.3,1,-5.71
Willy Hernangomez,CHA,31,12.1,0.532(2.4/4.5),0.627(1.2/1.9),0.2,6.1,4.4,0.9,0.3,0.2,1,-5.72
Allonzo Trier,NYK,24,12.1,0.481(2.1/4.4),0.791(1.4/1.8),0.8,6.5,1.3,1.2,0.1,0.2,1,-5.75
Tim Frazier,DET,27,13.1,0.362(1.3/3.5),0.792(0.7/0.9),0.4,3.6,1.2,3.4,0.5,0.1,1.3,-5.75
Brandon Knight,DET,25,18.5,0.353(2.4/6.7),0.588(0.8/1.4),1.8,7.3,1.6,2.8,0.4,0.1,1.5,-5.76
Evan Turner,MIN,19,13.2,0.373(1.3/3.5),0.857(0.6/0.7),0,3.3,2,2,0.5,0.4,1.4,-5.76
Iman Shumpert,BRO,13,18.5,0.328(1.6/4.9),0.571(0.3/0.5),0.6,4.2,2.6,0.9,0.9,0.2,0.8,-5.84
Alfonzo McKinnie,CLE,40,14.8,0.427(1.8/4.3),0.710(0.6/0.8),0.4,4.5,2.8,0.4,0.6,0.2,0.7,-5.85
Ante Zizic,CLE,22,10,0.569(1.9/3.3),0.737(0.6/0.9),0,4.4,3,0.3,0.3,0.2,0.5,-5.88
Donta Hall, ,9,14.8,0.682(1.7/2.4),0.500(1.0/2.0),0,4.3,4.2,0.4,0.3,0.7,0.6,-5.88
Kevon Looney ,GSW,20,13.1,0.367(1.5/4.0),0.750(0.5/0.6),0.1,3.4,3.3,1,0.6,0.3,0.7,-5.89
Tremont Waters,BOS,11,10.8,0.286(1.3/4.5),1.000(0.7/0.7),0.4,3.6,1.1,1.5,0.9,0.2,1.4,-5.89
Alen Smailagic,GSW,14,9.9,0.500(1.4/2.9),0.842(1.1/1.4),0.2,4.2,1.9,0.9,0.2,0.3,0.8,-5.92
Alen Smailagic,GSW,14,9.9,0.500(1.4/2.9),0.842(1.1/1.4),0.2,4.2,1.9,0.9,0.2,0.3,0.8,-5.92
Alen Smailagic,GSW,14,9.9,0.500(1.4/2.9),0.842(1.1/1.4),0.2,4.2,1.9,0.9,0.2,0.3,0.8,-5.92
Alen Smailagic,GSW,14,9.9,0.500(1.4/2.9),0.842(1.1/1.4),0.2,4.2,1.9,0.9,0.2,0.3,0.8,-5.92
Jerome Robinson,WAS,63,15.5,0.371(1.8/4.9),0.702(0.6/0.9),0.8,5.1,2,1.4,0.4,0.3,0.8,-5.95
Nickeil Alexander-Walker,NOP,47,12.6,0.368(2.1/5.7),0.676(0.5/0.8),1,5.7,1.8,1.9,0.4,0.2,1.1,-5.97
Kevin Knox II,NYK,65,17.9,0.359(2.2/6.2),0.653(1.0/1.6),1,6.4,2.8,0.9,0.4,0.4,0.7,-5.99
Justin Jackson,DAL,65,16.1,0.396(2.1/5.3),0.840(0.7/0.8),0.7,5.5,2.4,0.8,0.2,0.2,0.2,-6.01
Anzejs Pasecniks,WAS,26,16.8,0.526(2.4/4.5),0.586(1.3/2.2),0,6,4.1,0.7,0.3,0.5,0.9,-6.01
Terrance Ferguson ,OKL,56,22.5,0.355(1.4/3.9),0.750(0.3/0.4),0.9,3.9,1.3,0.9,0.5,0.3,0.6,-6.02
Bruno Fernando,ATL,56,12.7,0.518(1.8/3.6),0.569(0.5/0.9),0.1,4.3,3.5,0.9,0.3,0.3,0.8,-6.02
Marco Belinelli,SAS,57,15.5,0.392(2.2/5.5),0.828(0.8/1.0),1.2,6.3,1.7,1.2,0.2,0,0.3,-6.03
Patrick Patterson,LAC,59,13.2,0.408(1.6/4.0),0.814(0.6/0.7),1.1,4.9,2.6,0.7,0.1,0.1,0.4,-6.04
Edmond Sumner,IND,31,14.4,0.430(2.0/4.6),0.552(0.5/0.9),0.5,4.9,1.5,1.8,0.5,0.3,0.7,-6.04
Thabo Sefolosha ,HOU,41,10.6,0.407(0.9/2.2),0.375(0.1/0.2),0.4,2.2,2.3,0.6,0.6,0.3,0.4,-6.05
Goga Bitadze ,IND,54,8.7,0.467(1.3/2.8),0.727(0.4/0.6),0.2,3.2,1.9,0.4,0.2,0.7,0.5,-6.05
Kadeem Allen,NYK,10,11.7,0.432(1.9/4.4),0.636(0.7/1.1),0.5,5,0.9,2.1,0.5,0.2,0.8,-6.06
Sekou Doumbouya,DET,38,19.8,0.390(2.4/6.2),0.674(0.8/1.2),0.7,6.4,3.1,0.5,0.5,0.2,0.9,-6.06
Matt Thomas,TOR,41,10.7,0.487(1.8/3.7),0.750(0.2/0.3),1.2,4.9,1.5,0.5,0.2,0,0.4,-6.09
Matthew Dellavedova,CLE,57,14.4,0.354(1.1/3.1),0.865(0.6/0.7),0.4,3.1,1.3,3.2,0.4,0,1,-6.09
Elie Okobo ,PHX,55,13.1,0.398(1.3/3.3),0.704(0.9/1.3),0.5,4,1.6,2.1,0.5,0.1,0.7,-6.1
Yogi Ferrell,SAC,50,10.6,0.420(1.6/3.8),0.857(0.7/0.8),0.5,4.4,1,1.4,0.4,0.1,0.6,-6.14
Johnathan Williams,LAL,15,12,0.559(1.3/2.3),0.538(0.5/0.9),0,3,4.3,0.5,0.1,0.5,0.3,-6.16
Dante Exum ,CLE,35,13.9,0.471(1.6/3.4),0.744(0.9/1.2),0.4,4.5,1.9,1.1,0.3,0.2,0.9,-6.18
Anthony Tolliver,SAC,55,15.9,0.357(1.2/3.3),0.724(0.4/0.5),0.9,3.6,2.8,0.8,0.3,0.2,0.6,-6.19
Jarrell Brantley, ,9,10.7,0.357(1.1/3.1),0.500(0.1/0.2),0.3,2.7,2.2,1.2,0.3,0.6,0.8,-6.2
Marko Guduric,MEM,44,11,0.395(1.4/3.6),0.923(0.6/0.6),0.6,3.9,1.7,1,0.3,0.2,0.8,-6.21
Chris Silva,MIA,44,7.9,0.615(1.1/1.8),0.673(0.8/1.3),0,3,2.9,0.5,0.2,0.5,0.8,-6.23
Chris Clemons,HOU,33,8.8,0.401(1.7/4.3),0.909(0.3/0.3),1.1,4.9,0.9,0.8,0.2,0.2,0.6,-6.27
Chandler Parsons,ATL,5,10.8,0.278(1.0/3.6),0.000(0.0/0.0),0.8,2.8,1.4,0.6,0.8,0.2,0.6,-6.31
Semi Ojeleye,BOS,69,14.6,0.408(1.2/2.8),0.875(0.4/0.5),0.7,3.4,2.1,0.5,0.3,0.1,0.3,-6.33
Jacob Evans III,MIN,29,14.4,0.336(1.6/4.6),0.862(0.9/1.0),0.5,4.4,1.4,1.1,0.4,0.4,0.9,-6.34
Allen Crabbe,MIN,37,17.6,0.356(1.7/4.8),0.714(0.3/0.4),1,4.6,2.1,0.9,0.4,0.1,0.5,-6.4
Javonte Green,BOS,48,9.7,0.500(1.3/2.6),0.667(0.6/0.9),0.2,3.4,1.9,0.5,0.5,0.2,0.5,-6.44
Miye Oni,UTA,10,10.9,0.375(1.2/3.2),0.800(0.4/0.5),0.7,3.5,1.7,0.4,0.4,0.2,0.4,-6.48
DaQuan Jeffries,ORL,13,10.9,0.500(1.5/3.1),0.833(0.4/0.5),0.4,3.8,1.4,0.5,0.3,0.1,0.2,-6.48
Ed Davis,UTA,28,10.8,0.478(0.8/1.6),0.500(0.3/0.5),0,1.8,3.8,0.4,0.4,0.3,0.5,-6.49
Joakim Noah,MEM,5,10,0.500(0.8/1.6),0.750(1.2/1.6),0,2.8,3.2,1.4,0.2,0.2,1.2,-6.53
Frank Jackson,NOP,59,13.5,0.405(2.3/5.6),0.747(1.0/1.3),0.8,6.3,1.4,1,0.3,0.1,0.8,-6.57
Nicolas Claxton,BRO,15,12.5,0.563(1.8/3.2),0.524(0.7/1.4),0.1,4.4,2.9,1.1,0.1,0.5,0.6,-6.57
Rodney McGruder,LAC,56,15.6,0.398(1.3/3.2),0.559(0.3/0.6),0.4,3.3,2.7,0.7,0.5,0.1,0.4,-6.65
Quinn Cook,LAL,44,11.5,0.423(2.1/4.9),0.786(0.3/0.3),0.7,5.1,1.2,1.1,0.3,0,0.8,-6.75
Dennis Smith Jr.,NYK,34,15.8,0.341(2.1/6.2),0.509(0.8/1.6),0.5,5.5,2.3,2.9,0.8,0.2,1.7,-6.75
Paul Watson, ,10,8.7,0.385(1.0/2.6),0.778(0.7/0.9),0.4,3.1,1.7,0.8,0.4,0.1,0.3,-6.76
Caleb Swanigan ,POR,27,10.7,0.596(1.0/1.7),0.529(0.3/0.6),0,2.4,3.7,1.1,0.1,0.3,1.4,-6.77
Ty Jerome,PHX,31,10.6,0.336(1.2/3.7),0.750(0.4/0.5),0.5,3.3,1.5,1.4,0.5,0.1,0.6,-6.81
Dwayne Bacon,CHA,39,17.6,0.348(2.2/6.3),0.660(0.9/1.4),0.5,5.7,2.6,1.3,0.6,0.1,0.9,-6.86
Nassir Little,POR,48,11.9,0.430(1.4/3.2),0.636(0.6/0.9),0.3,3.6,2.3,0.5,0.3,0.3,0.3,-6.86
Justin Wright-Foreman,UTA,4,11.3,0.350(1.8/5.0),0.750(0.8/1.0),0.5,4.8,1.3,1.8,0.5,0,0.8,-6.91
Dzanan Musa,BRO,40,12.2,0.372(1.6/4.3),0.750(1.1/1.5),0.5,4.8,2.1,1.1,0.4,0,0.9,-6.98
Theo Pinson,BRO,33,11.1,0.290(1.4/4.7),0.938(0.5/0.5),0.5,3.6,1.6,1.7,0.5,0.1,1,-7.01
Treveon Graham,ATL,55,16.9,0.358(1.6/4.4),0.643(0.7/1.0),0.6,4.4,2.7,0.8,0.4,0.1,0.5,-7.04
Chasson Randle,WAS,3,13.5,0.000(0.0/1.3),0.833(1.7/2.0),0,1.7,0.7,1.7,0.7,0,0,-7.07
Jordan Bell,MEM,29,8.8,0.522(1.2/2.3),0.613(0.7/1.1),0.1,3.2,2.8,0.6,0.1,0.3,0.7,-7.14
DeMarre Carroll,SAS,24,12.1,0.379(1.0/2.8),0.690(1.2/1.8),0.3,3.6,2.3,1,0.3,0.2,0.7,-7.19
Naz Mitrou-Long,IND,5,9.4,0.353(1.2/3.4),0.000(0.0/0.0),0.4,2.8,1.4,1.6,0.2,0.2,0.6,-7.2
Naz Mitrou-Long,IND,5,9.4,0.353(1.2/3.4),0.000(0.0/0.0),0.4,2.8,1.4,1.6,0.2,0.2,0.6,-7.2
Naz Mitrou-Long,IND,5,9.4,0.353(1.2/3.4),0.000(0.0/0.0),0.4,2.8,1.4,1.6,0.2,0.2,0.6,-7.2
Naz Mitrou-Long,IND,5,9.4,0.353(1.2/3.4),0.000(0.0/0.0),0.4,2.8,1.4,1.6,0.2,0.2,0.6,-7.2
Terance Mann,LAC,41,8.8,0.468(0.9/1.9),0.667(0.4/0.7),0.2,2.4,1.3,1.3,0.3,0.1,0.4,-7.2
Jaylen Nowell,MIN,15,10.1,0.358(1.3/3.5),0.941(1.1/1.1),0.2,3.8,0.9,1.3,0.2,0,0.2,-7.2
Wenyen Gabriel,POR,30,7.8,0.438(0.7/1.6),0.682(0.5/0.7),0.2,2.1,1.7,0.3,0.4,0.2,0.5,-7.22
Troy Daniels,LAL,47,11.3,0.387(1.5/4.0),0.625(0.2/0.3),1,4.3,1.1,0.4,0.2,0.1,0.3,-7.29
Jared Dudley,LAL,45,8.1,0.400(0.5/1.3),1.000(0.0/0.0),0.4,1.5,1.2,0.6,0.3,0.1,0.2,-7.32
Tyson Chandler,HOU,26,8.4,0.778(0.5/0.7),0.462(0.2/0.5),0,1.3,2.5,0.2,0.2,0.3,0.3,-7.38
Derrick Walton Jr., ,26,9.5,0.462(0.7/1.5),0.778(0.3/0.4),0.4,2,0.6,1,0.3,0,0.2,-7.4
Andre Roberson,OKL,7,12.4,0.276(1.1/4.1),0.500(0.1/0.3),0.4,2.9,3.9,0.6,0.1,0.4,0.3,-7.5
D.J. Wilson,MIL,37,9.8,0.394(1.4/3.6),0.611(0.3/0.5),0.5,3.6,2.5,0.7,0.1,0.1,0.5,-7.54
Adam Mokoka,CHI,11,10.2,0.429(1.1/2.6),0.500(0.2/0.4),0.6,2.9,0.9,0.4,0.4,0,0.2,-7.56
Jerian Grant,ORL,6,13.4,0.370(1.7/4.5),0.714(0.8/1.2),0.3,4.5,1,1.5,0.2,0.2,0.5,-7.57
Admiral Schofield,WAS,33,11.2,0.385(1.1/2.8),0.667(0.3/0.5),0.6,3,1.4,0.5,0.2,0.1,0.2,-7.58
TJ Leaf,IND,28,7.9,0.419(1.3/3.1),0.438(0.3/0.6),0.2,3,2.5,0.3,0.4,0.1,0.3,-7.61
Jaylen Hoard,POR,13,7.9,0.469(1.2/2.5),0.615(0.6/1.0),0,2.9,2.5,0.3,0.4,0,0.3,-7.65
Lance Thomas, ,7,14,0.348(1.1/3.3),1.000(0.6/0.6),0.6,3.4,1.9,0.9,0,0,0.9,-7.69
Carsen Edwards,BOS,37,9.5,0.328(1.1/3.5),0.684(0.4/0.5),0.7,3.3,1.3,0.6,0.3,0.1,0.4,-7.7
Michael Kidd-Gilchrist,CHA,25,11.2,0.333(0.9/2.6),0.786(0.4/0.6),0.2,2.4,2.7,0.6,0.1,0.2,0.6,-7.7
Rayjon Tucker,MIL,19,8.5,0.465(1.1/2.3),0.826(1.0/1.2),0.2,3.3,1.1,0.3,0.1,0.1,0.4,-7.7
Zach Norvell Jr.,LAL,5,8.2,0.250(0.6/2.4),1.000(0.2/0.2),0.6,2,1.2,0.6,0.4,0,0.6,-7.79
Udonis Haslem,MIA,4,11,0.364(1.0/2.8),0.750(0.8/1.0),0.3,3,4,0.3,0,0,0.3,-7.81
Justin Anderson,ATL,10,10.7,0.263(1.0/3.8),0.500(0.2/0.4),0.6,2.8,2.1,0.8,0,0.6,0.4,-7.82
Amir Coffey,LAC,18,8.8,0.426(1.3/3.0),0.545(0.3/0.6),0.3,3.2,0.9,0.8,0.3,0.1,0.4,-7.83
Romeo Langford,BOS,32,11.6,0.350(0.9/2.5),0.720(0.6/0.8),0.2,2.5,1.3,0.4,0.2,0.3,0.3,-7.9
Deonte Burton,OKL,39,9.1,0.344(1.1/3.2),0.571(0.2/0.4),0.3,2.7,1.5,0.4,0.2,0.3,0.5,-8.04
Oshae Brissett ,TOR,19,7.1,0.361(0.7/1.9),0.800(0.4/0.5),0.2,1.9,1.4,0.4,0.2,0.1,0.4,-8.09
BJ Johnson,SAC,10,8.3,0.281(0.9/3.2),0.900(0.9/1.0),0.3,3,1.5,0.3,0.3,0,0.6,-8.1
Tyrone Wallace,MIN,14,11.5,0.318(1.0/3.1),0.647(0.8/1.2),0.1,2.9,1.6,0.9,0.5,0.1,0.7,-8.11
Joe Chealey,CHA,4,8.4,0.000(0.0/1.8),1.000(0.5/0.5),0,0.5,0,0.3,1,0,0.5,-8.14
Jarrod Uthoff, ,7,7.6,0.389(1.0/2.6),1.000(0.3/0.3),0.4,2.7,0.9,0,0.1,0,0,-8.22
Gabe Vincent,MIA,9,9.2,0.216(0.9/4.1),0.000(0.0/0.0),0.7,2.4,0.6,0.7,0.6,0,0.1,-8.32
Luc Mbah a Moute, ,3,8.2,0.400(0.7/1.7),0.500(0.3/0.7),0,1.7,0.7,0,0.7,0,0.3,-8.34
Quinndary Weatherspoon,SAS,11,7.1,0.294(0.5/1.6),0.500(0.1/0.2),0.1,1.1,0.6,1,0.3,0.1,0.5,-8.44
Khyri Thomas,DET,8,7.7,0.294(0.6/2.1),0.500(0.3/0.5),0.6,2.1,0.1,0.4,0.4,0,0.4,-8.66
Josh Reaves,DAL,4,7.1,0.333(0.8/2.3),1.000(0.5/0.5),0,2,0.8,0.8,0,0,0,-8.7
JR Smith,CLE,6,13.1,0.318(1.2/3.7),1.000(0.3/0.3),0.2,2.8,0.8,0.5,0.2,0,0.7,-8.85
Devon Hall, ,11,7.3,0.200(0.6/2.7),0.500(0.4/0.7),0.4,1.8,0.6,1.2,0.4,0.1,0.5,-9.13
Josh Gray,NOP,2,11.4,0.500(0.5/1.0),0.000(0.0/0.0),0,1,1,1,0,0,2.5,-9.24
Vic Law,ORL,8,7.7,0.333(0.8/2.3),0.333(0.3/0.8),0.1,1.9,1.4,0.4,0.3,0,0.3,-9.61
Michael Frazier,HOU,13,11.1,0.241(0.5/2.2),0.643(0.7/1.1),0.3,2.1,0.8,0.2,0.2,0,0.4,-9.68
